{
  "categories": [
    "Farmer",
    "Others",
    "Senior",
    "Student",
    "Worker"
  ],
  "feature_columns": [
    "age",
    "gender_enc",
    "area_type_enc",
    "issue_student",
    "issue_farmer",
    "issue_senior",
    "issue_worker",
    "age_bucket"
  ],
  "training_samples": 50000,
  "test_accuracy": 0.596,
  "cv_accuracy_mean": 0.58912,
  "cv_accuracy_std": 0.004407448241329677,
  "feature_importance": {
    "age": 0.42164825272893497,
    "gender_enc": 0.007665694213977776,
    "area_type_enc": 0.25708354118966426,
    "issue_student": 0.02434932360055531,
    "issue_farmer": 0.07422833767293191,
    "issue_senior": 0.014015114139358794,
    "issue_worker": 0.0198856574812947,
    "age_bucket": 0.1811240789732823
  }
}